channel,limit
https://t.me/ConfigsHUB2,500
https://t.me/ConfigX2ray,
https://t.me/SimChin_ir,
https://t.me/meliproxyy,
https://t.me/prrofile_purple,
https://t.me/V2RAYROZ,
https://t.me/skiVPN,
https://t.me/KAFING_2,
https://t.me/IRAN_V2RAY1,
https://t.me/V2ry_Proxy,
https://t.me/flyv2ray,
https://t.me/FarazV2ray,
https://t.me/Capoit,
https://t.me/Express_freevpn,
https://t.me/V2rayngSeven,
https://t.me/proxy_confiig,
https://t.me/MARAMBASHI,
https://t.me/free_vpn02,
https://t.me/ZibaNabz,
https://t.me/mehrosaboran,
https://t.me/bored_vpn,
https://t.me/BigSmoke_Config,
https://t.me/Outline_Vpn,
https://t.me/V2ray313,
https://t.me/V2ray_confs,
https://t.me/configV2rayNG,
https://t.me/iSeqaro,
https://t.me/vpn_ioss,
https://t.me/PrivateVPNs,
https://t.me/vmessiran,
